"video_title","channel_id","published_at","description","ranking"
KNABE MALZ | Ab jetzt erh√§ltlich!,UC9YTp5M6yYgSd6t0SeL2GQw,2024-03-13 17:00:05.000,"üõçÔ∏è Hier bestellen ‚û°Ô∏è https://www.knabemalz.de
üé∂ Erst knackt's, dann knallt's: Knabe Malz üé∂

https://www.instagram.com/knabe_malz
https://twitter.com/KnabeMalz
https://www.tiktok.com/@knabe.malz

*Rechtlicher Hinweis: Knabe Malz ist weder wirklich famili√§res Traditionshandwerk, noch produziert in Spandau, schmeckt aber trotzdem ‚Äì versprochen.

WERBUNG
HandOfBlood PCs: https://www.boostboxx.com/hand-of-blood.html

‚ñ∫Zweitkanal: https://www.youtube.com/@handofuncut
‚ñ∫HandOfTrash: https://bit.ly/3uxLIMZ
‚ñ∫Best of Kanal: http://bit.ly/2MKdbom
‚ñ¨‚ñ¨‚ñ¨‚ñ¨‚ñ¨‚ñ¨‚ñ¨‚ñ¨‚ñ¨‚ñ¨‚ñ¨‚ñ¨‚ñ¨‚ñ¨‚ñ¨‚ñ¨‚ñ¨‚ñ¨‚ñ¨‚ñ¨‚ñ¨‚ñ¨‚ñ¨‚ñ¨‚ñ¨‚ñ¨‚ñ¨‚ñ¨‚ñ¨
‚ñ∫Jetzt Kanalmitglied werden:
https://www.youtube.com/channel/UC9YTp5M6yYgSd6t0SeL2GQw/join
‚ñ¨‚ñ¨‚ñ¨‚ñ¨‚ñ¨‚ñ¨‚ñ¨‚ñ¨‚ñ¨‚ñ¨‚ñ¨‚ñ¨‚ñ¨‚ñ¨‚ñ¨‚ñ¨‚ñ¨‚ñ¨‚ñ¨‚ñ¨‚ñ¨‚ñ¨‚ñ¨‚ñ¨‚ñ¨‚ñ¨‚ñ¨‚ñ¨‚ñ¨
‚ñ∫Livestream: http://www.twitch.tv/handiofiblood
‚ñ∫Discord: https://discord.gg/fuwz5F6
‚ñ∫Twitter: https://twitter.com/HandOfBlood
‚ñ∫Instagram: http://instagram.com/handiofiblood
‚ñ∫Facebook: https://www.facebook.com/HandIOfIBlood
‚ñ∫TikTok https://www.tiktok.com/@handofblood
‚ñ¨‚ñ¨‚ñ¨‚ñ¨‚ñ¨‚ñ¨‚ñ¨‚ñ¨‚ñ¨‚ñ¨‚ñ¨‚ñ¨‚ñ¨‚ñ¨‚ñ¨‚ñ¨‚ñ¨‚ñ¨‚ñ¨‚ñ¨‚ñ¨‚ñ¨‚ñ¨‚ñ¨‚ñ¨‚ñ¨‚ñ¨‚ñ¨‚ñ¨
WERBUNG: Richtig geile Tische gibt es hier:
Ergotopia: https://bit.ly/3kmw4B4
Desktopia Pro X: https://bit.ly/3kkTkzj
Desktopia GG: https://bit.ly/3GPQzO7 
‚ñ¨‚ñ¨‚ñ¨‚ñ¨‚ñ¨‚ñ¨‚ñ¨‚ñ¨‚ñ¨‚ñ¨‚ñ¨‚ñ¨‚ñ¨‚ñ¨‚ñ¨‚ñ¨‚ñ¨‚ñ¨‚ñ¨‚ñ¨‚ñ¨‚ñ¨‚ñ¨‚ñ¨‚ñ¨‚ñ¨‚ñ¨‚ñ¨‚ñ¨
*Mein Equipment zusammengestellt:
https://www.amazon.de/shop/handofblood

*Mein Equipment f√ºr Drehs:
‚ñ∫Kamera: https://amzn.to/3X9a7U3
‚ñ∫Objektiv: https://amzn.to/3GGYBtL
‚ñ∫Mikrofon: https://amzn.to/3ZfgE1k
‚ñ∫Ansteck-Mikrofon: https://amzn.to/3WSGZRt
‚ñ∫Tonger√§t: https://amzn.to/3XbT6c4
‚ñ∫Angel: https://amzn.to/3VSuEvh
‚ñ∫Licht: https://amzn.to/3IueuoQ
‚ñ∫Kleines Licht: https://amzn.to/3ichtaQ
‚ñ∫Greenscreen: https://amzn.to/3imocin

*Mein Equipment f√ºr Gameplay:
‚ñ∫Kamera: https://amzn.to/3ZejuUv
‚ñ∫Objektiv: https://amzn.to/3ifUxaG
‚ñ∫Monitor zum Zocken: https://amzn.to/3WSC56P
‚ñ∫Monitor f√ºr OBS: https://amzn.to/3GL3an1
‚ñ∫Mikrofon: https://amzn.to/3VRimmR
‚ñ∫Mikrofon Arm: https://amzn.to/3WNdOiy
‚ñ∫Mikrofonverst√§rker: https://amzn.to/3IuOidM
‚ñ∫Mikrofonvorverst√§rker: https://amzn.to/3VOIgaL
‚ñ∫Greenscreen: https://amzn.to/3imocin

*Wenn ihr √ºber die hier angegebenen Tracking-Links einkauft, profitiere ich davon. Ehre.",1
Der Schmerz ist zur√ºck | 3 sch√§bige Spiele,UC9YTp5M6yYgSd6t0SeL2GQw,2024-02-29 16:00:31.000,"WERBUNG: Macht eure Steuererkl√§rung entspannt mit Taxfix: https://bit.ly/handofbloodtaxfix 
Code:¬†H√ÑNNO¬†(5‚Ç¨ f√ºr Neukunden, einl√∂sbar f√ºr beide Produkte ‚ÄûIch Selbst‚Äú & ‚ÄûExpertenservice‚Äú

3 sch√§bige Spiele ist endlich zur√ºck. H√§nno qu√§lt sich nun gemeinsam mit seinem Twitch Chat durch die sch√§bigsten Spiele auf Steam durch und packt seine Spiele in einen echten Einkaufswagen. Seid gespannt, was Steam dieses Mal so an schlechte Games zu bieten hat.

3 sch√§bige Spiele Playlist: https://www.youtube.com/playlist?list=PLlakm8Sa1vtNIoohjZ2ovFpKOQEkn1svh

WERBUNG
HandOfBlood PCs: https://www.boostboxx.com/hand-of-blood.html

‚ñ∫Zweitkanal: https://www.youtube.com/@handofuncut
‚ñ∫HandOfTrash: https://bit.ly/3uxLIMZ
‚ñ∫Best of Kanal: http://bit.ly/2MKdbom
‚ñ¨‚ñ¨‚ñ¨‚ñ¨‚ñ¨‚ñ¨‚ñ¨‚ñ¨‚ñ¨‚ñ¨‚ñ¨‚ñ¨‚ñ¨‚ñ¨‚ñ¨‚ñ¨‚ñ¨‚ñ¨‚ñ¨‚ñ¨‚ñ¨‚ñ¨‚ñ¨‚ñ¨‚ñ¨‚ñ¨‚ñ¨‚ñ¨‚ñ¨
‚ñ∫Jetzt Kanalmitglied werden:
https://www.youtube.com/channel/UC9YTp5M6yYgSd6t0SeL2GQw/join
‚ñ¨‚ñ¨‚ñ¨‚ñ¨‚ñ¨‚ñ¨‚ñ¨‚ñ¨‚ñ¨‚ñ¨‚ñ¨‚ñ¨‚ñ¨‚ñ¨‚ñ¨‚ñ¨‚ñ¨‚ñ¨‚ñ¨‚ñ¨‚ñ¨‚ñ¨‚ñ¨‚ñ¨‚ñ¨‚ñ¨‚ñ¨‚ñ¨‚ñ¨
‚ñ∫Livestream: http://www.twitch.tv/handiofiblood
‚ñ∫Discord: https://discord.gg/fuwz5F6
‚ñ∫Twitter: https://twitter.com/HandOfBlood
‚ñ∫Instagram: http://instagram.com/handiofiblood
‚ñ∫Facebook: https://www.facebook.com/HandIOfIBlood
‚ñ∫TikTok https://www.tiktok.com/@handofblood
‚ñ¨‚ñ¨‚ñ¨‚ñ¨‚ñ¨‚ñ¨‚ñ¨‚ñ¨‚ñ¨‚ñ¨‚ñ¨‚ñ¨‚ñ¨‚ñ¨‚ñ¨‚ñ¨‚ñ¨‚ñ¨‚ñ¨‚ñ¨‚ñ¨‚ñ¨‚ñ¨‚ñ¨‚ñ¨‚ñ¨‚ñ¨‚ñ¨‚ñ¨
WERBUNG: Richtig geile Tische gibt es hier:
Ergotopia: https://bit.ly/3kmw4B4
Desktopia Pro X: https://bit.ly/3kkTkzj
Desktopia GG: https://bit.ly/3GPQzO7 
‚ñ¨‚ñ¨‚ñ¨‚ñ¨‚ñ¨‚ñ¨‚ñ¨‚ñ¨‚ñ¨‚ñ¨‚ñ¨‚ñ¨‚ñ¨‚ñ¨‚ñ¨‚ñ¨‚ñ¨‚ñ¨‚ñ¨‚ñ¨‚ñ¨‚ñ¨‚ñ¨‚ñ¨‚ñ¨‚ñ¨‚ñ¨‚ñ¨‚ñ¨
*Mein Equipment zusammengestellt:
https://www.amazon.de/shop/handofblood

*Mein Equipment f√ºr Drehs:
‚ñ∫Kamera: https://amzn.to/3X9a7U3
‚ñ∫Objektiv: https://amzn.to/3GGYBtL
‚ñ∫Mikrofon: https://amzn.to/3ZfgE1k
‚ñ∫Ansteck-Mikrofon: https://amzn.to/3WSGZRt
‚ñ∫Tonger√§t: https://amzn.to/3XbT6c4
‚ñ∫Angel: https://amzn.to/3VSuEvh
‚ñ∫Licht: https://amzn.to/3IueuoQ
‚ñ∫Kleines Licht: https://amzn.to/3ichtaQ
‚ñ∫Greenscreen: https://amzn.to/3imocin

*Mein Equipment f√ºr Gameplay:
‚ñ∫Kamera: https://amzn.to/3ZejuUv
‚ñ∫Objektiv: https://amzn.to/3ifUxaG
‚ñ∫Monitor zum Zocken: https://amzn.to/3WSC56P
‚ñ∫Monitor f√ºr OBS: https://amzn.to/3GL3an1
‚ñ∫Mikrofon: https://amzn.to/3VRimmR
‚ñ∫Mikrofon Arm: https://amzn.to/3WNdOiy
‚ñ∫Mikrofonverst√§rker: https://amzn.to/3IuOidM
‚ñ∫Mikrofonvorverst√§rker: https://amzn.to/3VOIgaL
‚ñ∫Greenscreen: https://amzn.to/3imocin

*Wenn ihr √ºber die hier angegebenen Tracking-Links einkauft, profitiere ich davon. Ehre.",2
Der Gamertausch feat. @papaplatte,UC9YTp5M6yYgSd6t0SeL2GQw,2024-02-11 16:00:08.000,"Bei Kevin Westphal und Daniel ""Broeki"" Broekmann h√§ngt der Base-Segen gewaltig schief. Mit einer au√üergew√∂hnlichen Therapiemethode und zwei sehr au√üergew√∂hnlichen Gegenspielern versucht High-Elo-Berater Sparkassen-H√§nno, ihr Verh√§ltnis wieder ins Reine zu bringen. Wird ihm der Carry erneut gelingen?!

WERBUNG: Vielen Dank an die Sparkasse, die dieses Projekt m√∂glich gemacht hat und mit uns umgesetzt hat.
https://www.sparkasse.de/lp/e-sport.html
https://www.instagram.com/sparkasse/

Vielen Dank an @papaplatte, @Filow, @Broeki und Kevin Westphal. 
Sprecher: @martifischer 
‚ñ¨‚ñ¨‚ñ¨‚ñ¨‚ñ¨‚ñ¨‚ñ¨‚ñ¨‚ñ¨‚ñ¨‚ñ¨‚ñ¨‚ñ¨‚ñ¨‚ñ¨‚ñ¨‚ñ¨‚ñ¨‚ñ¨‚ñ¨‚ñ¨‚ñ¨‚ñ¨‚ñ¨‚ñ¨‚ñ¨‚ñ¨‚ñ¨‚ñ¨
WERBUNG
HandOfBlood PCs: https://www.boostboxx.com/hand-of-blood.html
‚ñ¨‚ñ¨‚ñ¨‚ñ¨‚ñ¨‚ñ¨‚ñ¨‚ñ¨‚ñ¨‚ñ¨‚ñ¨‚ñ¨‚ñ¨‚ñ¨‚ñ¨‚ñ¨‚ñ¨‚ñ¨‚ñ¨‚ñ¨‚ñ¨‚ñ¨‚ñ¨‚ñ¨‚ñ¨‚ñ¨‚ñ¨‚ñ¨‚ñ¨
‚ñ∫Zweitkanal: https://www.youtube.com/@handofuncut
‚ñ∫HandOfTrash: https://bit.ly/3uxLIMZ
‚ñ∫Best of Kanal: http://bit.ly/2MKdbom
‚ñ¨‚ñ¨‚ñ¨‚ñ¨‚ñ¨‚ñ¨‚ñ¨‚ñ¨‚ñ¨‚ñ¨‚ñ¨‚ñ¨‚ñ¨‚ñ¨‚ñ¨‚ñ¨‚ñ¨‚ñ¨‚ñ¨‚ñ¨‚ñ¨‚ñ¨‚ñ¨‚ñ¨‚ñ¨‚ñ¨‚ñ¨‚ñ¨‚ñ¨
‚ñ∫Jetzt Kanalmitglied werden:
https://www.youtube.com/channel/UC9YTp5M6yYgSd6t0SeL2GQw/join
‚ñ¨‚ñ¨‚ñ¨‚ñ¨‚ñ¨‚ñ¨‚ñ¨‚ñ¨‚ñ¨‚ñ¨‚ñ¨‚ñ¨‚ñ¨‚ñ¨‚ñ¨‚ñ¨‚ñ¨‚ñ¨‚ñ¨‚ñ¨‚ñ¨‚ñ¨‚ñ¨‚ñ¨‚ñ¨‚ñ¨‚ñ¨‚ñ¨‚ñ¨
‚ñ∫Livestream: http://www.twitch.tv/handiofiblood
‚ñ∫Discord: https://discord.gg/fuwz5F6
‚ñ∫Twitter: https://twitter.com/HandOfBlood
‚ñ∫Instagram: http://instagram.com/handiofiblood
‚ñ∫Facebook: https://www.facebook.com/HandIOfIBlood
‚ñ∫TikTok https://www.tiktok.com/@handofblood
‚ñ¨‚ñ¨‚ñ¨‚ñ¨‚ñ¨‚ñ¨‚ñ¨‚ñ¨‚ñ¨‚ñ¨‚ñ¨‚ñ¨‚ñ¨‚ñ¨‚ñ¨‚ñ¨‚ñ¨‚ñ¨‚ñ¨‚ñ¨‚ñ¨‚ñ¨‚ñ¨‚ñ¨‚ñ¨‚ñ¨‚ñ¨‚ñ¨‚ñ¨
WERBUNG: Richtig geile Tische gibt es hier:
Ergotopia: https://bit.ly/3kmw4B4
Desktopia Pro X: https://bit.ly/3kkTkzj
Desktopia GG: https://bit.ly/3GPQzO7 
‚ñ¨‚ñ¨‚ñ¨‚ñ¨‚ñ¨‚ñ¨‚ñ¨‚ñ¨‚ñ¨‚ñ¨‚ñ¨‚ñ¨‚ñ¨‚ñ¨‚ñ¨‚ñ¨‚ñ¨‚ñ¨‚ñ¨‚ñ¨‚ñ¨‚ñ¨‚ñ¨‚ñ¨‚ñ¨‚ñ¨‚ñ¨‚ñ¨‚ñ¨
*Mein Equipment zusammengestellt:
https://www.amazon.de/shop/handofblood

*Mein Equipment f√ºr Drehs:
‚ñ∫Kamera: https://amzn.to/3X9a7U3
‚ñ∫Objektiv: https://amzn.to/3GGYBtL
‚ñ∫Mikrofon: https://amzn.to/3ZfgE1k
‚ñ∫Ansteck-Mikrofon: https://amzn.to/3WSGZRt
‚ñ∫Tonger√§t: https://amzn.to/3XbT6c4
‚ñ∫Angel: https://amzn.to/3VSuEvh
‚ñ∫Licht: https://amzn.to/3IueuoQ
‚ñ∫Kleines Licht: https://amzn.to/3ichtaQ
‚ñ∫Greenscreen: https://amzn.to/3imocin

*Mein Equipment f√ºr Gameplay:
‚ñ∫Kamera: https://amzn.to/3ZejuUv
‚ñ∫Objektiv: https://amzn.to/3ifUxaG
‚ñ∫Monitor zum Zocken: https://amzn.to/3WSC56P
‚ñ∫Monitor f√ºr OBS: https://amzn.to/3GL3an1
‚ñ∫Mikrofon: https://amzn.to/3VRimmR
‚ñ∫Mikrofon Arm: https://amzn.to/3WNdOiy
‚ñ∫Mikrofonverst√§rker: https://amzn.to/3IuOidM
‚ñ∫Mikrofonvorverst√§rker: https://amzn.to/3VOIgaL
‚ñ∫Greenscreen: https://amzn.to/3imocin

*Wenn ihr √ºber die hier angegebenen Tracking-Links einkauft, profitiere ich davon. Ehre.",3
Ihr habt mein Leben ver√§ndert!,UC9YTp5M6yYgSd6t0SeL2GQw,2024-01-29 17:00:06.000,"Danke f√ºr alles! 
Ich w√ºrde mich freuen, wenn ihr mal auf Twitch vorbeischauen w√ºrdet: https://www.twitch.tv/handiofiblood

Hier die 3 Videos, von denen ich spreche:
Schluss Damit: https://www.youtube.com/watch?v=Jm_z1P4HDD0
Eintracht Spandau Fu√üball: https://www.youtube.com/watch?v=6FzkUoq2MjM
Dark Souls 3 Statement: https://www.youtube.com/watch?v=87Q5rpUPYyo",4
H√§nno ist zur√ºck mit Dropkick,UC9YTp5M6yYgSd6t0SeL2GQw,2024-01-17 18:14:51.000,schaut auf twitch vorbei: https://www.twitch.tv/handiofiblood,5
"Schluss Damit: Schluss Damit, Schluss Damit!",UC9YTp5M6yYgSd6t0SeL2GQw,2024-01-16 16:30:06.000,"LIVE ab morgen 16 Uhr, 17.01.2024
https://www.twitch.tv/handiofiblood",6
Schnelles Update von eurem H√§nno,UC9YTp5M6yYgSd6t0SeL2GQw,2024-01-15 12:00:58.000,"15.01.: Draft -  https://twitch.tv/ballerleague  
22.01.: 1. Spieltag -  https://twitch.tv/handiofiblood

Sonderpressekonferenz: https://www.youtube.com/watch?v=ydGkTxzLDe4&t",7
LEGO Fortnite in cursed,UC9YTp5M6yYgSd6t0SeL2GQw,2024-01-13 16:00:25.000,"#werbung Zockt auch selber in LEGO Fortnite rein und erkundet riesige offene Welten! Einfach √ºber diesen Link: https://www.fortnite.com/download #fortnite 

Absoluter Fiebertraum: Als LEGO-M√§nnchen habe ich in das neue LEGO Fortnite reingeschaut. LEGO Fortnite Ist ein neues Survival-Game in dem die Baumechanike aus LEGO und Fortnite zusammen treffen. Zusammen mit @Sterzik ging es dabei richtig zur Sache xD

WERBUNG
HandOfBlood PCs: https://www.boostboxx.com/hand-of-blood.html

‚ñ∫Zweitkanal: https://www.youtube.com/@handofuncut
‚ñ∫HandOfTrash: https://bit.ly/3uxLIMZ
‚ñ∫Best of Kanal: http://bit.ly/2MKdbom
‚ñ¨‚ñ¨‚ñ¨‚ñ¨‚ñ¨‚ñ¨‚ñ¨‚ñ¨‚ñ¨‚ñ¨‚ñ¨‚ñ¨‚ñ¨‚ñ¨‚ñ¨‚ñ¨‚ñ¨‚ñ¨‚ñ¨‚ñ¨‚ñ¨‚ñ¨‚ñ¨‚ñ¨‚ñ¨‚ñ¨‚ñ¨‚ñ¨‚ñ¨
‚ñ∫Jetzt Kanalmitglied werden:
https://www.youtube.com/channel/UC9YTp5M6yYgSd6t0SeL2GQw/join
‚ñ¨‚ñ¨‚ñ¨‚ñ¨‚ñ¨‚ñ¨‚ñ¨‚ñ¨‚ñ¨‚ñ¨‚ñ¨‚ñ¨‚ñ¨‚ñ¨‚ñ¨‚ñ¨‚ñ¨‚ñ¨‚ñ¨‚ñ¨‚ñ¨‚ñ¨‚ñ¨‚ñ¨‚ñ¨‚ñ¨‚ñ¨‚ñ¨‚ñ¨
LEGO Fortnite spielen: https://www.fortnite.com/download

Erkunde riesige offene Welten, in denen die Magie des Bauens von LEGO¬Æ und Fortnite aufeinandertreffen. In Fortnite findest du das ultimative LEGO-Abenteuer, in dem sich alles ums √úberleben und Crafting dreht!
‚ñ¨‚ñ¨‚ñ¨‚ñ¨‚ñ¨‚ñ¨‚ñ¨‚ñ¨‚ñ¨‚ñ¨‚ñ¨‚ñ¨‚ñ¨‚ñ¨‚ñ¨‚ñ¨‚ñ¨‚ñ¨‚ñ¨‚ñ¨‚ñ¨‚ñ¨‚ñ¨‚ñ¨‚ñ¨‚ñ¨‚ñ¨‚ñ¨‚ñ¨
‚ñ∫Livestream: http://www.twitch.tv/handiofiblood
‚ñ∫Discord: https://discord.gg/fuwz5F6
‚ñ∫Twitter: https://twitter.com/HandOfBlood
‚ñ∫Instagram: http://instagram.com/handiofiblood
‚ñ∫Facebook: https://www.facebook.com/HandIOfIBlood
‚ñ∫TikTok https://www.tiktok.com/@handofblood
‚ñ¨‚ñ¨‚ñ¨‚ñ¨‚ñ¨‚ñ¨‚ñ¨‚ñ¨‚ñ¨‚ñ¨‚ñ¨‚ñ¨‚ñ¨‚ñ¨‚ñ¨‚ñ¨‚ñ¨‚ñ¨‚ñ¨‚ñ¨‚ñ¨‚ñ¨‚ñ¨‚ñ¨‚ñ¨‚ñ¨‚ñ¨‚ñ¨‚ñ¨
WERBUNG: Richtig geile Tische gibt es hier:
Ergotopia: https://bit.ly/3kmw4B4
Desktopia Pro X: https://bit.ly/3kkTkzj
Desktopia GG: https://bit.ly/3GPQzO7 
‚ñ¨‚ñ¨‚ñ¨‚ñ¨‚ñ¨‚ñ¨‚ñ¨‚ñ¨‚ñ¨‚ñ¨‚ñ¨‚ñ¨‚ñ¨‚ñ¨‚ñ¨‚ñ¨‚ñ¨‚ñ¨‚ñ¨‚ñ¨‚ñ¨‚ñ¨‚ñ¨‚ñ¨‚ñ¨‚ñ¨‚ñ¨‚ñ¨‚ñ¨
*Mein Equipment zusammengestellt:
https://www.amazon.de/shop/handofblood

*Mein Equipment f√ºr Drehs:
‚ñ∫Kamera: https://amzn.to/3X9a7U3
‚ñ∫Objektiv: https://amzn.to/3GGYBtL
‚ñ∫Mikrofon: https://amzn.to/3ZfgE1k
‚ñ∫Ansteck-Mikrofon: https://amzn.to/3WSGZRt
‚ñ∫Tonger√§t: https://amzn.to/3XbT6c4
‚ñ∫Angel: https://amzn.to/3VSuEvh
‚ñ∫Licht: https://amzn.to/3IueuoQ
‚ñ∫Kleines Licht: https://amzn.to/3ichtaQ
‚ñ∫Greenscreen: https://amzn.to/3imocin

*Mein Equipment f√ºr Gameplay:
‚ñ∫Kamera: https://amzn.to/3ZejuUv
‚ñ∫Objektiv: https://amzn.to/3ifUxaG
‚ñ∫Monitor zum Zocken: https://amzn.to/3WSC56P
‚ñ∫Monitor f√ºr OBS: https://amzn.to/3GL3an1
‚ñ∫Mikrofon: https://amzn.to/3VRimmR
‚ñ∫Mikrofon Arm: https://amzn.to/3WNdOiy
‚ñ∫Mikrofonverst√§rker: https://amzn.to/3IuOidM
‚ñ∫Mikrofonvorverst√§rker: https://amzn.to/3VOIgaL
‚ñ∫Greenscreen: https://amzn.to/3imocin

*Wenn ihr √ºber die hier angegebenen Tracking-Links einkauft, profitiere ich davon. Ehre.",8
Die unf√§higste SWAT-Einheit der Welt,UC9YTp5M6yYgSd6t0SeL2GQw,2024-01-07 19:00:08.000,"WERBUNG: spielt jetzt Ready or Not: https://store.steampowered.com/app/1144200/Ready_or_Not/?utm_source=paidcreators&utm_medium=promotion&utm_campaign=1_0-release&utm_content=buynow&utm_term=handofblood

Zusammen mit @MaximMarkow , @Sterzik & @KalleKoschinsky haben wir wohl das chaotischte Sondereinsatzkommando abgebildet. 

WERBUNG
HandOfBlood PCs: https://www.boostboxx.com/hand-of-blood.html

‚ñ∫Zweitkanal: https://www.youtube.com/@handofuncut
‚ñ∫HandOfTrash: https://bit.ly/3uxLIMZ
‚ñ∫Best of Kanal: http://bit.ly/2MKdbom
‚ñ¨‚ñ¨‚ñ¨‚ñ¨‚ñ¨‚ñ¨‚ñ¨‚ñ¨‚ñ¨‚ñ¨‚ñ¨‚ñ¨‚ñ¨‚ñ¨‚ñ¨‚ñ¨‚ñ¨‚ñ¨‚ñ¨‚ñ¨‚ñ¨‚ñ¨‚ñ¨‚ñ¨‚ñ¨‚ñ¨‚ñ¨‚ñ¨‚ñ¨
‚ñ∫Jetzt Kanalmitglied werden:
https://www.youtube.com/channel/UC9YTp5M6yYgSd6t0SeL2GQw/join
‚ñ¨‚ñ¨‚ñ¨‚ñ¨‚ñ¨‚ñ¨‚ñ¨‚ñ¨‚ñ¨‚ñ¨‚ñ¨‚ñ¨‚ñ¨‚ñ¨‚ñ¨‚ñ¨‚ñ¨‚ñ¨‚ñ¨‚ñ¨‚ñ¨‚ñ¨‚ñ¨‚ñ¨‚ñ¨‚ñ¨‚ñ¨‚ñ¨‚ñ¨
Ready or Not spielen: https://store.steampowered.com/app/1144200/Ready_or_Not/?utm_source=paidcreators&utm_medium=promotion&utm_campaign=1_0-release&utm_content=buynow&utm_term=handofblood

Los Sue√±os. Das LSPD verzeichnet einen massiven Anstieg an Gewaltverbrechen im Gro√üraum Los Sue√±os. SWAT-Teams wurden entsandt, um verschiedene Hochrisikoszenarien zu entsch√§rfen, darunter Geiselnahmen und Bombendrohungen.
‚ñ¨‚ñ¨‚ñ¨‚ñ¨‚ñ¨‚ñ¨‚ñ¨‚ñ¨‚ñ¨‚ñ¨‚ñ¨‚ñ¨‚ñ¨‚ñ¨‚ñ¨‚ñ¨‚ñ¨‚ñ¨‚ñ¨‚ñ¨‚ñ¨‚ñ¨‚ñ¨‚ñ¨‚ñ¨‚ñ¨‚ñ¨‚ñ¨‚ñ¨
‚ñ∫Livestream: http://www.twitch.tv/handiofiblood
‚ñ∫Discord: https://discord.gg/fuwz5F6
‚ñ∫Twitter: https://twitter.com/HandOfBlood
‚ñ∫Instagram: http://instagram.com/handiofiblood
‚ñ∫Facebook: https://www.facebook.com/HandIOfIBlood
‚ñ∫TikTok https://www.tiktok.com/@handofblood
‚ñ¨‚ñ¨‚ñ¨‚ñ¨‚ñ¨‚ñ¨‚ñ¨‚ñ¨‚ñ¨‚ñ¨‚ñ¨‚ñ¨‚ñ¨‚ñ¨‚ñ¨‚ñ¨‚ñ¨‚ñ¨‚ñ¨‚ñ¨‚ñ¨‚ñ¨‚ñ¨‚ñ¨‚ñ¨‚ñ¨‚ñ¨‚ñ¨‚ñ¨
WERBUNG: Richtig geile Tische gibt es hier:
Ergotopia: https://bit.ly/3kmw4B4
Desktopia Pro X: https://bit.ly/3kkTkzj
Desktopia GG: https://bit.ly/3GPQzO7 
‚ñ¨‚ñ¨‚ñ¨‚ñ¨‚ñ¨‚ñ¨‚ñ¨‚ñ¨‚ñ¨‚ñ¨‚ñ¨‚ñ¨‚ñ¨‚ñ¨‚ñ¨‚ñ¨‚ñ¨‚ñ¨‚ñ¨‚ñ¨‚ñ¨‚ñ¨‚ñ¨‚ñ¨‚ñ¨‚ñ¨‚ñ¨‚ñ¨‚ñ¨
*Mein Equipment zusammengestellt:
https://www.amazon.de/shop/handofblood

*Mein Equipment f√ºr Drehs:
‚ñ∫Kamera: https://amzn.to/3X9a7U3
‚ñ∫Objektiv: https://amzn.to/3GGYBtL
‚ñ∫Mikrofon: https://amzn.to/3ZfgE1k
‚ñ∫Ansteck-Mikrofon: https://amzn.to/3WSGZRt
‚ñ∫Tonger√§t: https://amzn.to/3XbT6c4
‚ñ∫Angel: https://amzn.to/3VSuEvh
‚ñ∫Licht: https://amzn.to/3IueuoQ
‚ñ∫Kleines Licht: https://amzn.to/3ichtaQ
‚ñ∫Greenscreen: https://amzn.to/3imocin

*Mein Equipment f√ºr Gameplay:
‚ñ∫Kamera: https://amzn.to/3ZejuUv
‚ñ∫Objektiv: https://amzn.to/3ifUxaG
‚ñ∫Monitor zum Zocken: https://amzn.to/3WSC56P
‚ñ∫Monitor f√ºr OBS: https://amzn.to/3GL3an1
‚ñ∫Mikrofon: https://amzn.to/3VRimmR
‚ñ∫Mikrofon Arm: https://amzn.to/3WNdOiy
‚ñ∫Mikrofonverst√§rker: https://amzn.to/3IuOidM
‚ñ∫Mikrofonvorverst√§rker: https://amzn.to/3VOIgaL
‚ñ∫Greenscreen: https://amzn.to/3imocin

*Wenn ihr √ºber die hier angegebenen Tracking-Links einkauft, profitiere ich davon. Ehre.",9
Ein absoluter Albtraum | 3 sch√§bige Horrorspiele,UC9YTp5M6yYgSd6t0SeL2GQw,2023-12-10 16:00:05.000,"Schlimmer wird es nicht... Wir gehen in eine neue Ausgabe ""3 sch√§bige Spiele"" - dieses Mal in der Horrorspiele-Edition.

Hier kommt ihr zu meiner eigenen Klamottenmarke ""Corrupted Blood"":
https://corruptedblood.de/
Instagram: @corruptedblood.clo
‚ñ¨‚ñ¨‚ñ¨‚ñ¨‚ñ¨‚ñ¨‚ñ¨‚ñ¨‚ñ¨‚ñ¨‚ñ¨‚ñ¨‚ñ¨‚ñ¨‚ñ¨‚ñ¨‚ñ¨‚ñ¨‚ñ¨‚ñ¨‚ñ¨‚ñ¨‚ñ¨‚ñ¨‚ñ¨‚ñ¨‚ñ¨‚ñ¨‚ñ¨
3 sch√§bige Spiele-Playlist: https://youtube.com/playlist?list=PLlakm8Sa1vtNIoohjZ2ovFpKOQEkn1svh&si=ioHntx24Vn2swdtE

WERBUNG
HandOfBlood PCs: https://www.boostboxx.com/hand-of-blood.html

‚ñ∫Zweitkanal: https://www.youtube.com/@handofuncut
‚ñ∫HandOfTrash: https://bit.ly/3uxLIMZ
‚ñ∫Best of Kanal: http://bit.ly/2MKdbom
‚ñ¨‚ñ¨‚ñ¨‚ñ¨‚ñ¨‚ñ¨‚ñ¨‚ñ¨‚ñ¨‚ñ¨‚ñ¨‚ñ¨‚ñ¨‚ñ¨‚ñ¨‚ñ¨‚ñ¨‚ñ¨‚ñ¨‚ñ¨‚ñ¨‚ñ¨‚ñ¨‚ñ¨‚ñ¨‚ñ¨‚ñ¨‚ñ¨‚ñ¨
‚ñ∫Jetzt Kanalmitglied werden:
https://www.youtube.com/channel/UC9YTp5M6yYgSd6t0SeL2GQw/join
‚ñ¨‚ñ¨‚ñ¨‚ñ¨‚ñ¨‚ñ¨‚ñ¨‚ñ¨‚ñ¨‚ñ¨‚ñ¨‚ñ¨‚ñ¨‚ñ¨‚ñ¨‚ñ¨‚ñ¨‚ñ¨‚ñ¨‚ñ¨‚ñ¨‚ñ¨‚ñ¨‚ñ¨‚ñ¨‚ñ¨‚ñ¨‚ñ¨‚ñ¨
‚ñ∫Livestream: http://www.twitch.tv/handiofiblood
‚ñ∫Discord: https://discord.gg/fuwz5F6
‚ñ∫Twitter: https://twitter.com/HandOfBlood
‚ñ∫Instagram: http://instagram.com/handiofiblood
‚ñ∫Facebook: https://www.facebook.com/HandIOfIBlood
‚ñ∫TikTok https://www.tiktok.com/@handofblood
‚ñ¨‚ñ¨‚ñ¨‚ñ¨‚ñ¨‚ñ¨‚ñ¨‚ñ¨‚ñ¨‚ñ¨‚ñ¨‚ñ¨‚ñ¨‚ñ¨‚ñ¨‚ñ¨‚ñ¨‚ñ¨‚ñ¨‚ñ¨‚ñ¨‚ñ¨‚ñ¨‚ñ¨‚ñ¨‚ñ¨‚ñ¨‚ñ¨‚ñ¨
WERBUNG: Richtig geile Tische gibt es hier:
Ergotopia: https://bit.ly/3kmw4B4
Desktopia Pro X: https://bit.ly/3kkTkzj
Desktopia GG: https://bit.ly/3GPQzO7 
‚ñ¨‚ñ¨‚ñ¨‚ñ¨‚ñ¨‚ñ¨‚ñ¨‚ñ¨‚ñ¨‚ñ¨‚ñ¨‚ñ¨‚ñ¨‚ñ¨‚ñ¨‚ñ¨‚ñ¨‚ñ¨‚ñ¨‚ñ¨‚ñ¨‚ñ¨‚ñ¨‚ñ¨‚ñ¨‚ñ¨‚ñ¨‚ñ¨‚ñ¨
*Mein Equipment zusammengestellt:
https://www.amazon.de/shop/handofblood

*Mein Equipment f√ºr Drehs:
‚ñ∫Kamera: https://amzn.to/3X9a7U3
‚ñ∫Objektiv: https://amzn.to/3GGYBtL
‚ñ∫Mikrofon: https://amzn.to/3ZfgE1k
‚ñ∫Ansteck-Mikrofon: https://amzn.to/3WSGZRt
‚ñ∫Tonger√§t: https://amzn.to/3XbT6c4
‚ñ∫Angel: https://amzn.to/3VSuEvh
‚ñ∫Licht: https://amzn.to/3IueuoQ
‚ñ∫Kleines Licht: https://amzn.to/3ichtaQ
‚ñ∫Greenscreen: https://amzn.to/3imocin

*Mein Equipment f√ºr Gameplay:
‚ñ∫Kamera: https://amzn.to/3ZejuUv
‚ñ∫Objektiv: https://amzn.to/3ifUxaG
‚ñ∫Monitor zum Zocken: https://amzn.to/3WSC56P
‚ñ∫Monitor f√ºr OBS: https://amzn.to/3GL3an1
‚ñ∫Mikrofon: https://amzn.to/3VRimmR
‚ñ∫Mikrofon Arm: https://amzn.to/3WNdOiy
‚ñ∫Mikrofonverst√§rker: https://amzn.to/3IuOidM
‚ñ∫Mikrofonvorverst√§rker: https://amzn.to/3VOIgaL
‚ñ∫Greenscreen: https://amzn.to/3imocin

*Wenn ihr √ºber die hier angegebenen Tracking-Links einkauft, profitiere ich davon. Ehre.",10
